'Mother Lode' of Mathematical Identities Discovered (Discover Magazine),http://news.feedzilla.com/en_us/stories/science/409395228?client_source=api&format=json,"Mathematicians unlock numerical secrets behind the Rogers-Ramanujan
identities.

"
10 Mobile Apps That Deliver Advice and Therapy (Scientific American),http://news.feedzilla.com/en_us/stories/science/409468840?client_source=api&format=json,"Mobile apps help you manage your mental health


-- Read more on ScientificAmerican.com

"
45-Year Physics Mystery Shows a Path To Quantum Transistors,http://rss.slashdot.org/~r/Slashdot/slashdot/~3/vkLAsjPBNe4/story01.htm,"New submitter cyberspittle sends this research report from the University of Michigan: An odd, iridescent material that's puzzled physicists for decades turns out to be an exotic state of matter that could open a new path to quantum computers and other next-generation electronics. ... The researchers provide the first direct evidence that samarium hexaboride, abbreviated SmB6, is a topological insulator (abstract). Topological insulators are, to physicists, an exciting class of solids that conduct electricity like a metal across their surface, but block the flow of current like rubber through their interior. They behave in this two-faced way despite that their chemical composition is the same throughout. ... This deeper understanding of samarium hexaboride raises the possibility that engineers might one day route the flow of electric current in quantum computers like they do on silicon in conventional electronics.<p><div class=""share_submission"" style=""position:relative;""> <a class=""slashpop"" href=""http://twitter.com/home?status=45-Year+Physics+Mystery+Shows+a+Path+To+Quantum+Transistors%3A+http%3A%2F%2Fbit.ly%2F1wfadeQ""><img src=""http://a.fsdn.com/sd/twitter_icon_large.png""></a> <a class=""slashpop"" href=""http://www.facebook.com/sharer.php?u=http%3A%2F%2Fscience.slashdot.org%2Fstory%2F14%2F12%2F07%2F0357247%2F45-year-physics-mystery-shows-a-path-to-quantum-transistors%3Futm_source%3Dslashdot%26utm_medium%3Dfacebook""><img src=""http://a.fsdn.com/sd/facebook_icon_large.png""></a> <a class=""nobg"" href=""http://plus.google.com/share?url=http://science.slashdot.org/story/14/12/07/0357247/45-year-physics-mystery-shows-a-path-to-quantum-transistors?utm_source=slashdot&amp;utm_medium=googleplus"" onclick=""javascript:window.open(this.href,'', 'menubar=no,toolbar=no,resizable=yes,scrollbars=yes,height=600,width=600');return false;""><img src=""http://www.gstatic.com/images/icons/gplus-16.png"" alt=""Share on Google+""/></a> </div></p><p><a href=""http://science.slashdot.org/story/14/12/07/0357247/45-year-physics-mystery-shows-a-path-to-quantum-transistors?utm_source=rss1.0moreanon&amp;utm_medium=feed"">Read more of this story</a> at Slashdot.</p><iframe src=""http://slashdot.org/slashdot-it.pl?op=discuss&amp;id=6317639&amp;smallembed=1"" style=""height: 300px; width: 100%; border: none;""></iframe><img width='1' height='1' src='http://slashdot.feedsportal.com/c/35028/f/647410/s/4131bd14/sc/30/mf.gif' border='0'/><br clear='all'/><br/><br/><a href=""http://da.feedsportal.com/r/214612487755/u/0/f/647410/c/35028/s/4131bd14/sc/30/rc/1/rc.htm"" rel=""nofollow""><img src=""http://da.feedsportal.com/r/214612487755/u/0/f/647410/c/35028/s/4131bd14/sc/30/rc/1/rc.img"" border=""0""/></a><br/><a href=""http://da.feedsportal.com/r/214612487755/u/0/f/647410/c/35028/s/4131bd14/sc/30/rc/2/rc.htm"" rel=""nofollow""><img src=""http://da.feedsportal.com/r/214612487755/u/0/f/647410/c/35028/s/4131bd14/sc/30/rc/2/rc.img"" border=""0""/></a><br/><a href=""http://da.feedsportal.com/r/214612487755/u/0/f/647410/c/35028/s/4131bd14/sc/30/rc/3/rc.htm"" rel=""nofollow""><img src=""http://da.feedsportal.com/r/214612487755/u/0/f/647410/c/35028/s/4131bd14/sc/30/rc/3/rc.img"" border=""0""/></a><br/><br/><a href=""http://da.feedsportal.com/r/214612487755/u/0/f/647410/c/35028/s/4131bd14/sc/30/a2.htm""><img src=""http://da.feedsportal.com/r/214612487755/u/0/f/647410/c/35028/s/4131bd14/sc/30/a2.img"" border=""0""/></a><img width=""1"" height=""1"" src=""http://pi.feedsportal.com/r/214612487755/u/0/f/647410/c/35028/s/4131bd14/sc/30/a2t.img"" border=""0""/><img src=""//feeds.feedburner.com/~r/Slashdot/slashdot/~4/vkLAsjPBNe4"" height=""1"" width=""1"" alt=""""/>"
A Case Against Further Government Spectrum Auctions,http://rss.slashdot.org/~r/Slashdot/slashdot/~3/E_HWrobmAcM/story01.htm,"dkatana points out an article arguing that the governments should stop further auctions of 4G spectrum because it reduces infrastructure investment from carriers and makes net neutrality more difficult to regulate. Quoting: The FCC recently raised more than $34 billion for six blocks of airwaves, totaling 65 megahertz of the electromagnetic spectrum. This is good news for the treasury coffers, but government auctions threaten the ability of the FCC and similar agencies to manage the spectrum, impose net neutrality rules, and allow new businesses to compete. Carriers and internet companies who won the auction might believe the spectrum is theirs to do as they please, blocking access or charging huge fees to others. Issues such as speed throttling and preferential access come to mind. If governments insist in auctions of the newly available frequencies, it could hurt the industry and potentially destroy any possibility of negotiating universal access and net neutrality.<p><div class=""share_submission"" style=""position:relative;""> <a class=""slashpop"" href=""http://twitter.com/home?status=A+Case+Against+Further+Government+Spectrum+Auctions%3A+http%3A%2F%2Fbit.ly%2F1IhgdXO""><img src=""http://a.fsdn.com/sd/twitter_icon_large.png""></a> <a class=""slashpop"" href=""http://www.facebook.com/sharer.php?u=http%3A%2F%2Fmobile.slashdot.org%2Fstory%2F14%2F12%2F06%2F2230201%2Fa-case-against-further-government-spectrum-auctions%3Futm_source%3Dslashdot%26utm_medium%3Dfacebook""><img src=""http://a.fsdn.com/sd/facebook_icon_large.png""></a> <a class=""nobg"" href=""http://plus.google.com/share?url=http://mobile.slashdot.org/story/14/12/06/2230201/a-case-against-further-government-spectrum-auctions?utm_source=slashdot&amp;utm_medium=googleplus"" onclick=""javascript:window.open(this.href,'', 'menubar=no,toolbar=no,resizable=yes,scrollbars=yes,height=600,width=600');return false;""><img src=""http://www.gstatic.com/images/icons/gplus-16.png"" alt=""Share on Google+""/></a> </div></p><p><a href=""http://mobile.slashdot.org/story/14/12/06/2230201/a-case-against-further-government-spectrum-auctions?utm_source=rss1.0moreanon&amp;utm_medium=feed"">Read more of this story</a> at Slashdot.</p><iframe src=""http://slashdot.org/slashdot-it.pl?op=discuss&amp;id=6316197&amp;smallembed=1"" style=""height: 300px; width: 100%; border: none;""></iframe><img width='1' height='1' src='http://slashdot.feedsportal.com/c/35028/f/647410/s/4130a1bf/sc/46/mf.gif' border='0'/><br clear='all'/><br/><br/><a href=""http://da.feedsportal.com/r/214612478357/u/0/f/647410/c/35028/s/4130a1bf/sc/46/rc/1/rc.htm"" rel=""nofollow""><img src=""http://da.feedsportal.com/r/214612478357/u/0/f/647410/c/35028/s/4130a1bf/sc/46/rc/1/rc.img"" border=""0""/></a><br/><a href=""http://da.feedsportal.com/r/214612478357/u/0/f/647410/c/35028/s/4130a1bf/sc/46/rc/2/rc.htm"" rel=""nofollow""><img src=""http://da.feedsportal.com/r/214612478357/u/0/f/647410/c/35028/s/4130a1bf/sc/46/rc/2/rc.img"" border=""0""/></a><br/><a href=""http://da.feedsportal.com/r/214612478357/u/0/f/647410/c/35028/s/4130a1bf/sc/46/rc/3/rc.htm"" rel=""nofollow""><img src=""http://da.feedsportal.com/r/214612478357/u/0/f/647410/c/35028/s/4130a1bf/sc/46/rc/3/rc.img"" border=""0""/></a><br/><br/><a href=""http://da.feedsportal.com/r/214612478357/u/0/f/647410/c/35028/s/4130a1bf/sc/46/a2.htm""><img src=""http://da.feedsportal.com/r/214612478357/u/0/f/647410/c/35028/s/4130a1bf/sc/46/a2.img"" border=""0""/></a><img width=""1"" height=""1"" src=""http://pi.feedsportal.com/r/214612478357/u/0/f/647410/c/35028/s/4130a1bf/sc/46/a2t.img"" border=""0""/><img src=""//feeds.feedburner.com/~r/Slashdot/slashdot/~4/E_HWrobmAcM"" height=""1"" width=""1"" alt=""""/>"
A Common Logic To Seeing Cats and the Cosmos,http://rss.slashdot.org/~r/Slashdot/slashdot/~3/i2mUvApiSLY/story01.htm,"An anonymous reader sends this excerpt from Quanta Magazine: ""Using the latest deep-learning protocols, computer models consisting of networks of artificial neurons are becoming increasingly adept at image, speech and pattern recognition &mdash; core technologies in robotic personal assistants, complex data analysis and self-driving cars. But for all their progress training computers to pick out salient features from other, irrelevant bits of data, researchers have never fully understood why the algorithms or biological learning work. Now, two physicists have shown that one form of deep learning works exactly like one of the most important and ubiquitous mathematical techniques in physics, a procedure for calculating the large-scale behavior of physical systems such as elementary particles, fluids and the cosmos. The new work, completed by Pankaj Mehta of Boston University and David Schwab of Northwestern University, demonstrates that a statistical technique called ""renormalization,"" which allows physicists to accurately describe systems without knowing the exact state of all their component parts, also enables the artificial neural networks to categorize data as, say, ""a cat"" regardless of its color, size or posture in a given video. ""They actually wrote down on paper, with exact proofs, something that people only dreamed existed,"" said Ilya Nemenman, a biophysicist at Emory University.<p><div class=""share_submission"" style=""position:relative;""> <a class=""slashpop"" href=""http://twitter.com/home?status=A+Common+Logic+To+Seeing+Cats+and+the+Cosmos%3A+http%3A%2F%2Fbit.ly%2F12x5lDS""><img src=""http://a.fsdn.com/sd/twitter_icon_large.png""></a> <a class=""slashpop"" href=""http://www.facebook.com/sharer.php?u=http%3A%2F%2Fscience.slashdot.org%2Fstory%2F14%2F12%2F06%2F1937257%2Fa-common-logic-to-seeing-cats-and-the-cosmos%3Futm_source%3Dslashdot%26utm_medium%3Dfacebook""><img src=""http://a.fsdn.com/sd/facebook_icon_large.png""></a> <a class=""nobg"" href=""http://plus.google.com/share?url=http://science.slashdot.org/story/14/12/06/1937257/a-common-logic-to-seeing-cats-and-the-cosmos?utm_source=slashdot&amp;utm_medium=googleplus"" onclick=""javascript:window.open(this.href,'', 'menubar=no,toolbar=no,resizable=yes,scrollbars=yes,height=600,width=600');return false;""><img src=""http://www.gstatic.com/images/icons/gplus-16.png"" alt=""Share on Google+""/></a> </div></p><p><a href=""http://science.slashdot.org/story/14/12/06/1937257/a-common-logic-to-seeing-cats-and-the-cosmos?utm_source=rss1.0moreanon&amp;utm_medium=feed"">Read more of this story</a> at Slashdot.</p><iframe src=""http://slashdot.org/slashdot-it.pl?op=discuss&amp;id=6315347&amp;smallembed=1"" style=""height: 300px; width: 100%; border: none;""></iframe><img width='1' height='1' src='http://slashdot.feedsportal.com/c/35028/f/647410/s/41307f75/sc/4/mf.gif' border='0'/><br clear='all'/><br/><br/><a href=""http://da.feedsportal.com/r/214612460266/u/0/f/647410/c/35028/s/41307f75/sc/4/rc/1/rc.htm"" rel=""nofollow""><img src=""http://da.feedsportal.com/r/214612460266/u/0/f/647410/c/35028/s/41307f75/sc/4/rc/1/rc.img"" border=""0""/></a><br/><a href=""http://da.feedsportal.com/r/214612460266/u/0/f/647410/c/35028/s/41307f75/sc/4/rc/2/rc.htm"" rel=""nofollow""><img src=""http://da.feedsportal.com/r/214612460266/u/0/f/647410/c/35028/s/41307f75/sc/4/rc/2/rc.img"" border=""0""/></a><br/><a href=""http://da.feedsportal.com/r/214612460266/u/0/f/647410/c/35028/s/41307f75/sc/4/rc/3/rc.htm"" rel=""nofollow""><img src=""http://da.feedsportal.com/r/214612460266/u/0/f/647410/c/35028/s/41307f75/sc/4/rc/3/rc.img"" border=""0""/></a><br/><br/><a href=""http://da.feedsportal.com/r/214612460266/u/0/f/647410/c/35028/s/41307f75/sc/4/a2.htm""><img src=""http://da.feedsportal.com/r/214612460266/u/0/f/647410/c/35028/s/41307f75/sc/4/a2.img"" border=""0""/></a><img width=""1"" height=""1"" src=""http://pi.feedsportal.com/r/214612460266/u/0/f/647410/c/35028/s/41307f75/sc/4/a2t.img"" border=""0""/><img src=""//feeds.feedburner.com/~r/Slashdot/slashdot/~4/i2mUvApiSLY"" height=""1"" width=""1"" alt=""""/>"
Apple DRM Lawsuit Might Be Dismissed: Plaintiffs Didn't Own Affected iPods,http://rss.slashdot.org/~r/Slashdot/slashdot/~3/EwFn7TysUm8/story01.htm,"UnknowingFool writes The lawsuit involving Apple and iTunes DRM may be thrown out because the plaintiffs did not own the iPods for which they are suing. The lawsuit covers iPods for the time period between September of 2006 and March of 2009. When Apple checked the serial numbers of the iPods of the plaintiffs, it appears they were not manufactured during this time. One plaintiff did purchase an iPod in 2005 and in 2010 and has withdrawn from the suit. The second plaintiff's iPod was manufactured in July 2009 but claims purchasing another iPod in 2008. Since the two plaintiffs were the only ones in the suit, the case may be dismissed for lack of standing.<p><div class=""share_submission"" style=""position:relative;""> <a class=""slashpop"" href=""http://twitter.com/home?status=Apple+DRM+Lawsuit+Might+Be+Dismissed%3A+Plaintiffs+Didn't+Own+Affected+iPods%3A+http%3A%2F%2Fbit.ly%2F1vxwlPM""><img src=""http://a.fsdn.com/sd/twitter_icon_large.png""></a> <a class=""slashpop"" href=""http://www.facebook.com/sharer.php?u=http%3A%2F%2Fapple.slashdot.org%2Fstory%2F14%2F12%2F05%2F2355254%2Fapple-drm-lawsuit-might-be-dismissed-plaintiffs-didnt-own-affected-ipods%3Futm_source%3Dslashdot%26utm_medium%3Dfacebook""><img src=""http://a.fsdn.com/sd/facebook_icon_large.png""></a> <a class=""nobg"" href=""http://plus.google.com/share?url=http://apple.slashdot.org/story/14/12/05/2355254/apple-drm-lawsuit-might-be-dismissed-plaintiffs-didnt-own-affected-ipods?utm_source=slashdot&amp;utm_medium=googleplus"" onclick=""javascript:window.open(this.href,'', 'menubar=no,toolbar=no,resizable=yes,scrollbars=yes,height=600,width=600');return false;""><img src=""http://www.gstatic.com/images/icons/gplus-16.png"" alt=""Share on Google+""/></a> </div></p><p><a href=""http://apple.slashdot.org/story/14/12/05/2355254/apple-drm-lawsuit-might-be-dismissed-plaintiffs-didnt-own-affected-ipods?utm_source=rss1.0moreanon&amp;utm_medium=feed"">Read more of this story</a> at Slashdot.</p><iframe src=""http://slashdot.org/slashdot-it.pl?op=discuss&amp;id=6306067&amp;smallembed=1"" style=""height: 300px; width: 100%; border: none;""></iframe><img width='1' height='1' src='http://slashdot.feedsportal.com/c/35028/f/647410/s/412bb4bb/sc/15/mf.gif' border='0'/><br clear='all'/><br/><br/><a href=""http://da.feedsportal.com/r/214612462507/u/0/f/647410/c/35028/s/412bb4bb/sc/15/rc/1/rc.htm"" rel=""nofollow""><img src=""http://da.feedsportal.com/r/214612462507/u/0/f/647410/c/35028/s/412bb4bb/sc/15/rc/1/rc.img"" border=""0""/></a><br/><a href=""http://da.feedsportal.com/r/214612462507/u/0/f/647410/c/35028/s/412bb4bb/sc/15/rc/2/rc.htm"" rel=""nofollow""><img src=""http://da.feedsportal.com/r/214612462507/u/0/f/647410/c/35028/s/412bb4bb/sc/15/rc/2/rc.img"" border=""0""/></a><br/><a href=""http://da.feedsportal.com/r/214612462507/u/0/f/647410/c/35028/s/412bb4bb/sc/15/rc/3/rc.htm"" rel=""nofollow""><img src=""http://da.feedsportal.com/r/214612462507/u/0/f/647410/c/35028/s/412bb4bb/sc/15/rc/3/rc.img"" border=""0""/></a><br/><br/><a href=""http://da.feedsportal.com/r/214612462507/u/0/f/647410/c/35028/s/412bb4bb/sc/15/a2.htm""><img src=""http://da.feedsportal.com/r/214612462507/u/0/f/647410/c/35028/s/412bb4bb/sc/15/a2.img"" border=""0""/></a><img width=""1"" height=""1"" src=""http://pi.feedsportal.com/r/214612462507/u/0/f/647410/c/35028/s/412bb4bb/sc/15/a2t.img"" border=""0""/><img src=""//feeds.feedburner.com/~r/Slashdot/slashdot/~4/EwFn7TysUm8"" height=""1"" width=""1"" alt=""""/>"
Ask Slashdot: Paying For Linux Support vs. Rolling Your Own?,http://rss.slashdot.org/~r/Slashdot/slashdot/~3/3o95bKoHR3I/story01.htm,"schmaustech writes: A lot of businesses pay for Linux support. But at what point does that stop being worth the money? When would a company be better served by setting up their own internal support? When does it make sense for them to write their own patches, which could be submitted back to the community? The inherit risk is that the organization is accountable and accepts the risks if a major bug is encountered within any of the open source applications they are using. What's your perspective on this, and how many major corporations are taking this approach?<p><div class=""share_submission"" style=""position:relative;""> <a class=""slashpop"" href=""http://twitter.com/home?status=Ask+Slashdot%3A++Paying+For+Linux+Support+vs.+Rolling+Your+Own%3F%3A+http%3A%2F%2Fbit.ly%2F1Ig5IE7""><img src=""http://a.fsdn.com/sd/twitter_icon_large.png""></a> <a class=""slashpop"" href=""http://www.facebook.com/sharer.php?u=http%3A%2F%2Fask.slashdot.org%2Fstory%2F14%2F12%2F06%2F1924228%2Fask-slashdot-paying-for-linux-support-vs-rolling-your-own%3Futm_source%3Dslashdot%26utm_medium%3Dfacebook""><img src=""http://a.fsdn.com/sd/facebook_icon_large.png""></a> <a class=""nobg"" href=""http://plus.google.com/share?url=http://ask.slashdot.org/story/14/12/06/1924228/ask-slashdot-paying-for-linux-support-vs-rolling-your-own?utm_source=slashdot&amp;utm_medium=googleplus"" onclick=""javascript:window.open(this.href,'', 'menubar=no,toolbar=no,resizable=yes,scrollbars=yes,height=600,width=600');return false;""><img src=""http://www.gstatic.com/images/icons/gplus-16.png"" alt=""Share on Google+""/></a> </div></p><p><a href=""http://ask.slashdot.org/story/14/12/06/1924228/ask-slashdot-paying-for-linux-support-vs-rolling-your-own?utm_source=rss1.0moreanon&amp;utm_medium=feed"">Read more of this story</a> at Slashdot.</p><iframe src=""http://slashdot.org/slashdot-it.pl?op=discuss&amp;id=6315237&amp;smallembed=1"" style=""height: 300px; width: 100%; border: none;""></iframe><img width='1' height='1' src='http://slashdot.feedsportal.com/c/35028/f/647410/s/412feabd/sc/4/mf.gif' border='0'/><br clear='all'/><br/><br/><a href=""http://da.feedsportal.com/r/214612480120/u/0/f/647410/c/35028/s/412feabd/sc/4/rc/1/rc.htm"" rel=""nofollow""><img src=""http://da.feedsportal.com/r/214612480120/u/0/f/647410/c/35028/s/412feabd/sc/4/rc/1/rc.img"" border=""0""/></a><br/><a href=""http://da.feedsportal.com/r/214612480120/u/0/f/647410/c/35028/s/412feabd/sc/4/rc/2/rc.htm"" rel=""nofollow""><img src=""http://da.feedsportal.com/r/214612480120/u/0/f/647410/c/35028/s/412feabd/sc/4/rc/2/rc.img"" border=""0""/></a><br/><a href=""http://da.feedsportal.com/r/214612480120/u/0/f/647410/c/35028/s/412feabd/sc/4/rc/3/rc.htm"" rel=""nofollow""><img src=""http://da.feedsportal.com/r/214612480120/u/0/f/647410/c/35028/s/412feabd/sc/4/rc/3/rc.img"" border=""0""/></a><br/><br/><a href=""http://da.feedsportal.com/r/214612480120/u/0/f/647410/c/35028/s/412feabd/sc/4/a2.htm""><img src=""http://da.feedsportal.com/r/214612480120/u/0/f/647410/c/35028/s/412feabd/sc/4/a2.img"" border=""0""/></a><img width=""1"" height=""1"" src=""http://pi.feedsportal.com/r/214612480120/u/0/f/647410/c/35028/s/412feabd/sc/4/a2t.img"" border=""0""/><img src=""//feeds.feedburner.com/~r/Slashdot/slashdot/~4/3o95bKoHR3I"" height=""1"" width=""1"" alt=""""/>"
British 'Porn Filter' Blocks Access To Chaos Computer Club,http://rss.slashdot.org/~r/Slashdot/slashdot/~3/Tub82zV4ozM/story01.htm,"An anonymous reader tips news that the Chaos Computer Club's website was inaccessible for many internet users in the UK after being blocked by the filter set up to block porn sites. Additionally, Vodafone users are unable to access the ticket site to this year's Chaos Commuication Conference. In a post on its website, the CCC said, ""Internet filters simply do not work, but leaving technical limitation aside, the CCC's example shows that unsolicited overblocking, meaning wrongly classified websites, is a common phenomenon in large censorship infrastructures. However, it may very well be that the CCC is considered 'extremist' judged by British standards of freedom of speech."" CCC spokesperson Dirk Engling added, ""We see this as proof that censorship infrastructure &ndash; no matter for which reasons it was set up, and no matter which country you are in &ndash; will always be abused for political reasons.""<p><div class=""share_submission"" style=""position:relative;""> <a class=""slashpop"" href=""http://twitter.com/home?status=British+'Porn+Filter'+Blocks+Access+To+Chaos+Computer+Club%3A+http%3A%2F%2Fbit.ly%2F12OJ7OP""><img src=""http://a.fsdn.com/sd/twitter_icon_large.png""></a> <a class=""slashpop"" href=""http://www.facebook.com/sharer.php?u=http%3A%2F%2Fyro.slashdot.org%2Fstory%2F14%2F12%2F06%2F2011259%2Fbritish-porn-filter-blocks-access-to-chaos-computer-club%3Futm_source%3Dslashdot%26utm_medium%3Dfacebook""><img src=""http://a.fsdn.com/sd/facebook_icon_large.png""></a> <a class=""nobg"" href=""http://plus.google.com/share?url=http://yro.slashdot.org/story/14/12/06/2011259/british-porn-filter-blocks-access-to-chaos-computer-club?utm_source=slashdot&amp;utm_medium=googleplus"" onclick=""javascript:window.open(this.href,'', 'menubar=no,toolbar=no,resizable=yes,scrollbars=yes,height=600,width=600');return false;""><img src=""http://www.gstatic.com/images/icons/gplus-16.png"" alt=""Share on Google+""/></a> </div></p><p><a href=""http://yro.slashdot.org/story/14/12/06/2011259/british-porn-filter-blocks-access-to-chaos-computer-club?utm_source=rss1.0moreanon&amp;utm_medium=feed"">Read more of this story</a> at Slashdot.</p><iframe src=""http://slashdot.org/slashdot-it.pl?op=discuss&amp;id=6315537&amp;smallembed=1"" style=""height: 300px; width: 100%; border: none;""></iframe><img width='1' height='1' src='http://slashdot.feedsportal.com/c/35028/f/647410/s/4130654c/sc/4/mf.gif' border='0'/><br clear='all'/><br/><br/><a href=""http://da.feedsportal.com/r/214612481998/u/0/f/647410/c/35028/s/4130654c/sc/4/rc/1/rc.htm"" rel=""nofollow""><img src=""http://da.feedsportal.com/r/214612481998/u/0/f/647410/c/35028/s/4130654c/sc/4/rc/1/rc.img"" border=""0""/></a><br/><a href=""http://da.feedsportal.com/r/214612481998/u/0/f/647410/c/35028/s/4130654c/sc/4/rc/2/rc.htm"" rel=""nofollow""><img src=""http://da.feedsportal.com/r/214612481998/u/0/f/647410/c/35028/s/4130654c/sc/4/rc/2/rc.img"" border=""0""/></a><br/><a href=""http://da.feedsportal.com/r/214612481998/u/0/f/647410/c/35028/s/4130654c/sc/4/rc/3/rc.htm"" rel=""nofollow""><img src=""http://da.feedsportal.com/r/214612481998/u/0/f/647410/c/35028/s/4130654c/sc/4/rc/3/rc.img"" border=""0""/></a><br/><br/><a href=""http://da.feedsportal.com/r/214612481998/u/0/f/647410/c/35028/s/4130654c/sc/4/a2.htm""><img src=""http://da.feedsportal.com/r/214612481998/u/0/f/647410/c/35028/s/4130654c/sc/4/a2.img"" border=""0""/></a><img width=""1"" height=""1"" src=""http://pi.feedsportal.com/r/214612481998/u/0/f/647410/c/35028/s/4130654c/sc/4/a2t.img"" border=""0""/><img src=""//feeds.feedburner.com/~r/Slashdot/slashdot/~4/Tub82zV4ozM"" height=""1"" width=""1"" alt=""""/>"
Canada's position on climate change is an embarrassment (climateark),http://news.feedzilla.com/en_us/stories/science/409465251?client_source=api&format=json,"Montreal Gazette: As Canadians, we pride ourselves on transparency,
accountability and compassion -- values that Stephen Harper campaigned on when
running for prime minister in 2006. And yet, the actions of the Canadian
government this week at the United Nations Climate Change negotiations in Peru
represent the most shocking shift in Canada’s values since this government
took office. Our government is backing out of commitments, blocking binding
agreements and promoting tarsands expansion as if its extraction and...

"
Chinese Government Moves To Crack Down On Puns,http://rss.slashdot.org/~r/Slashdot/slashdot/~3/Z_MUtIENQE4/story01.htm,"FreedomFirstThenPeac (1235064) writes ""A story in The Guardian tells us that in an Orwellian move to legislate language, the Chinese government is attempting to stop the use of puns because they are disruptive and may lead to chaos (not the mathematical kind) and as such are unsuitable for use. However, Chinese is rife with puns, with this example quoted in the story: ""When couples marry, people will give them dates and peanuts &ndash; a reference to the wish Zaosheng guizi or 'May you soon give birth to a son.' The word for dates is also zao and peanuts are huasheng."" The powerful date and peanut lobbies are up in arms, claiming that such a ban will cost them more than peanuts. Their claim? ""If you outlaw puns. Only criminals will have puns.""<p><div class=""share_submission"" style=""position:relative;""> <a class=""slashpop"" href=""http://twitter.com/home?status=Chinese+Government+Moves+To+Crack+Down+On+Puns%3A+http%3A%2F%2Fbit.ly%2F1zwHFL1""><img src=""http://a.fsdn.com/sd/twitter_icon_large.png""></a> <a class=""slashpop"" href=""http://www.facebook.com/sharer.php?u=http%3A%2F%2Fyro.slashdot.org%2Fstory%2F14%2F12%2F06%2F0026204%2Fchinese-government-moves-to-crack-down-on-puns%3Futm_source%3Dslashdot%26utm_medium%3Dfacebook""><img src=""http://a.fsdn.com/sd/facebook_icon_large.png""></a> <a class=""nobg"" href=""http://plus.google.com/share?url=http://yro.slashdot.org/story/14/12/06/0026204/chinese-government-moves-to-crack-down-on-puns?utm_source=slashdot&amp;utm_medium=googleplus"" onclick=""javascript:window.open(this.href,'', 'menubar=no,toolbar=no,resizable=yes,scrollbars=yes,height=600,width=600');return false;""><img src=""http://www.gstatic.com/images/icons/gplus-16.png"" alt=""Share on Google+""/></a> </div></p><p><a href=""http://yro.slashdot.org/story/14/12/06/0026204/chinese-government-moves-to-crack-down-on-puns?utm_source=rss1.0moreanon&amp;utm_medium=feed"">Read more of this story</a> at Slashdot.</p><iframe src=""http://slashdot.org/slashdot-it.pl?op=discuss&amp;id=6306103&amp;smallembed=1"" style=""height: 300px; width: 100%; border: none;""></iframe><img width='1' height='1' src='http://slashdot.feedsportal.com/c/35028/f/647410/s/412b878c/sc/30/mf.gif' border='0'/><br clear='all'/><br/><br/><a href=""http://da.feedsportal.com/r/214612456006/u/0/f/647410/c/35028/s/412b878c/sc/30/rc/1/rc.htm"" rel=""nofollow""><img src=""http://da.feedsportal.com/r/214612456006/u/0/f/647410/c/35028/s/412b878c/sc/30/rc/1/rc.img"" border=""0""/></a><br/><a href=""http://da.feedsportal.com/r/214612456006/u/0/f/647410/c/35028/s/412b878c/sc/30/rc/2/rc.htm"" rel=""nofollow""><img src=""http://da.feedsportal.com/r/214612456006/u/0/f/647410/c/35028/s/412b878c/sc/30/rc/2/rc.img"" border=""0""/></a><br/><a href=""http://da.feedsportal.com/r/214612456006/u/0/f/647410/c/35028/s/412b878c/sc/30/rc/3/rc.htm"" rel=""nofollow""><img src=""http://da.feedsportal.com/r/214612456006/u/0/f/647410/c/35028/s/412b878c/sc/30/rc/3/rc.img"" border=""0""/></a><br/><br/><a href=""http://da.feedsportal.com/r/214612456006/u/0/f/647410/c/35028/s/412b878c/sc/30/a2.htm""><img src=""http://da.feedsportal.com/r/214612456006/u/0/f/647410/c/35028/s/412b878c/sc/30/a2.img"" border=""0""/></a><img width=""1"" height=""1"" src=""http://pi.feedsportal.com/r/214612456006/u/0/f/647410/c/35028/s/412b878c/sc/30/a2t.img"" border=""0""/><img src=""//feeds.feedburner.com/~r/Slashdot/slashdot/~4/Z_MUtIENQE4"" height=""1"" width=""1"" alt=""""/>"
Climate change threatens vital NASA launch pads (CBS News),http://news.feedzilla.com/en_us/stories/science/409456315?client_source=api&format=json,"From the moonshot to the space shuttle, the Atlantic Ocean has served as a
safety barrier, but now it's threatening launch infrastructure

"
Comet Dust Found In Antarctica,http://rss.slashdot.org/~r/Slashdot/slashdot/~3/IZF5vGAroV0/story01.htm,"sciencehabit writes: Researchers have discovered comet dust preserved in the ice and snow of Antarctica, the first time such particles have been found on Earth's surface (abstract). The discovery unlocks a promising new source of this material. The oldest astronomical particles available for study, comet dust can offer clues about how our solar system formed.<p><div class=""share_submission"" style=""position:relative;""> <a class=""slashpop"" href=""http://twitter.com/home?status=Comet+Dust+Found+In+Antarctica%3A+http%3A%2F%2Fbit.ly%2F1w0uOBI""><img src=""http://a.fsdn.com/sd/twitter_icon_large.png""></a> <a class=""slashpop"" href=""http://www.facebook.com/sharer.php?u=http%3A%2F%2Fscience.slashdot.org%2Fstory%2F14%2F12%2F06%2F1351210%2Fcomet-dust-found-in-antarctica%3Futm_source%3Dslashdot%26utm_medium%3Dfacebook""><img src=""http://a.fsdn.com/sd/facebook_icon_large.png""></a> <a class=""nobg"" href=""http://plus.google.com/share?url=http://science.slashdot.org/story/14/12/06/1351210/comet-dust-found-in-antarctica?utm_source=slashdot&amp;utm_medium=googleplus"" onclick=""javascript:window.open(this.href,'', 'menubar=no,toolbar=no,resizable=yes,scrollbars=yes,height=600,width=600');return false;""><img src=""http://www.gstatic.com/images/icons/gplus-16.png"" alt=""Share on Google+""/></a> </div></p><p><a href=""http://science.slashdot.org/story/14/12/06/1351210/comet-dust-found-in-antarctica?utm_source=rss1.0moreanon&amp;utm_medium=feed"">Read more of this story</a> at Slashdot.</p><iframe src=""http://slashdot.org/slashdot-it.pl?op=discuss&amp;id=6313117&amp;smallembed=1"" style=""height: 300px; width: 100%; border: none;""></iframe><img width='1' height='1' src='http://slashdot.feedsportal.com/c/35028/f/647410/s/412f3816/sc/32/mf.gif' border='0'/><br clear='all'/><br/><br/><a href=""http://da.feedsportal.com/r/214612476154/u/0/f/647410/c/35028/s/412f3816/sc/32/rc/1/rc.htm"" rel=""nofollow""><img src=""http://da.feedsportal.com/r/214612476154/u/0/f/647410/c/35028/s/412f3816/sc/32/rc/1/rc.img"" border=""0""/></a><br/><a href=""http://da.feedsportal.com/r/214612476154/u/0/f/647410/c/35028/s/412f3816/sc/32/rc/2/rc.htm"" rel=""nofollow""><img src=""http://da.feedsportal.com/r/214612476154/u/0/f/647410/c/35028/s/412f3816/sc/32/rc/2/rc.img"" border=""0""/></a><br/><a href=""http://da.feedsportal.com/r/214612476154/u/0/f/647410/c/35028/s/412f3816/sc/32/rc/3/rc.htm"" rel=""nofollow""><img src=""http://da.feedsportal.com/r/214612476154/u/0/f/647410/c/35028/s/412f3816/sc/32/rc/3/rc.img"" border=""0""/></a><br/><br/><a href=""http://da.feedsportal.com/r/214612476154/u/0/f/647410/c/35028/s/412f3816/sc/32/a2.htm""><img src=""http://da.feedsportal.com/r/214612476154/u/0/f/647410/c/35028/s/412f3816/sc/32/a2.img"" border=""0""/></a><img width=""1"" height=""1"" src=""http://pi.feedsportal.com/r/214612476154/u/0/f/647410/c/35028/s/412f3816/sc/32/a2t.img"" border=""0""/><img src=""//feeds.feedburner.com/~r/Slashdot/slashdot/~4/IZF5vGAroV0"" height=""1"" width=""1"" alt=""""/>"
DNA Laureate James Watson's Nobel Medal Sells for $4.1M (Scientific American),http://news.feedzilla.com/en_us/stories/science/409428297?client_source=api&format=json,"Watson says he will donate some proceeds form the auction to support research


-- Read more on ScientificAmerican.com

"
EU May Not Unify Its Data Protection Rules After All,http://rss.slashdot.org/~r/Slashdot/slashdot/~3/qeWcQClDbQA/story01.htm,"jfruh writes: One of the EU's selling points is that it provides a single regulatory apparatus for the entire European market &mdash; but this isn't the case for everything. Data protection laws, for instance, provide a confusing thicket of different regulations across the continent, and now, much to the frustration of large American Internet companies, it seems that a plan to consolidate these rules under a single EU agency are coming apart. In other EU news, reader Presto Vivace points out that German Chancellor Angel Merkel has spoken out against net neutrality. She said, ""An innovation-friendly internet means that there is a guaranteed reliability for special services. These can only develop when predictable quality standards are available.""<p><div class=""share_submission"" style=""position:relative;""> <a class=""slashpop"" href=""http://twitter.com/home?status=EU+May+Not+Unify+Its+Data+Protection+Rules+After+All%3A+http%3A%2F%2Fbit.ly%2F129d7nx""><img src=""http://a.fsdn.com/sd/twitter_icon_large.png""></a> <a class=""slashpop"" href=""http://www.facebook.com/sharer.php?u=http%3A%2F%2Fyro.slashdot.org%2Fstory%2F14%2F12%2F06%2F1339213%2Feu-may-not-unify-its-data-protection-rules-after-all%3Futm_source%3Dslashdot%26utm_medium%3Dfacebook""><img src=""http://a.fsdn.com/sd/facebook_icon_large.png""></a> <a class=""nobg"" href=""http://plus.google.com/share?url=http://yro.slashdot.org/story/14/12/06/1339213/eu-may-not-unify-its-data-protection-rules-after-all?utm_source=slashdot&amp;utm_medium=googleplus"" onclick=""javascript:window.open(this.href,'', 'menubar=no,toolbar=no,resizable=yes,scrollbars=yes,height=600,width=600');return false;""><img src=""http://www.gstatic.com/images/icons/gplus-16.png"" alt=""Share on Google+""/></a> </div></p><p><a href=""http://yro.slashdot.org/story/14/12/06/1339213/eu-may-not-unify-its-data-protection-rules-after-all?utm_source=rss1.0moreanon&amp;utm_medium=feed"">Read more of this story</a> at Slashdot.</p><iframe src=""http://slashdot.org/slashdot-it.pl?op=discuss&amp;id=6313035&amp;smallembed=1"" style=""height: 300px; width: 100%; border: none;""></iframe><img width='1' height='1' src='http://slashdot.feedsportal.com/c/35028/f/647410/s/412e7dce/sc/30/mf.gif' border='0'/><br clear='all'/><br/><br/><a href=""http://da.feedsportal.com/r/214612511630/u/0/f/647410/c/35028/s/412e7dce/sc/30/rc/1/rc.htm"" rel=""nofollow""><img src=""http://da.feedsportal.com/r/214612511630/u/0/f/647410/c/35028/s/412e7dce/sc/30/rc/1/rc.img"" border=""0""/></a><br/><a href=""http://da.feedsportal.com/r/214612511630/u/0/f/647410/c/35028/s/412e7dce/sc/30/rc/2/rc.htm"" rel=""nofollow""><img src=""http://da.feedsportal.com/r/214612511630/u/0/f/647410/c/35028/s/412e7dce/sc/30/rc/2/rc.img"" border=""0""/></a><br/><a href=""http://da.feedsportal.com/r/214612511630/u/0/f/647410/c/35028/s/412e7dce/sc/30/rc/3/rc.htm"" rel=""nofollow""><img src=""http://da.feedsportal.com/r/214612511630/u/0/f/647410/c/35028/s/412e7dce/sc/30/rc/3/rc.img"" border=""0""/></a><br/><br/><a href=""http://da.feedsportal.com/r/214612511630/u/0/f/647410/c/35028/s/412e7dce/sc/30/a2.htm""><img src=""http://da.feedsportal.com/r/214612511630/u/0/f/647410/c/35028/s/412e7dce/sc/30/a2.img"" border=""0""/></a><img width=""1"" height=""1"" src=""http://pi.feedsportal.com/r/214612511630/u/0/f/647410/c/35028/s/412e7dce/sc/30/a2t.img"" border=""0""/><img src=""//feeds.feedburner.com/~r/Slashdot/slashdot/~4/qeWcQClDbQA"" height=""1"" width=""1"" alt=""""/>"
"Facebook Founder Presents Vision For The New Republic, Many Resign In Protest",http://rss.slashdot.org/~r/Slashdot/slashdot/~3/yfQE8_dPzC0/story01.htm,"SkiTee94 writes: Chris Hughes, one of the original founders of Facebook, is in damage control mode to save his recently acquired, century-old publication The New Republic. In response to Hughes' vision to turn the highly respected, and most would say old school, publication into a ""digital media company,"" about a dozen senior editors and writers simply quit (out of a 54-person staff). One of the editors who quit said, ""The narrative that they are putting out there is that it is the 21st century and we have to innovate and adapt. ... We don&rsquo;t know what their vision is. It is Silicon Valley mumbo jumbo buzzwords that don&rsquo;t mean anything."" Is Hughes a visionary cleaning out dead wood or a clueless tech star leaving destruction in his wake?<p><div class=""share_submission"" style=""position:relative;""> <a class=""slashpop"" href=""http://twitter.com/home?status=Facebook+Founder+Presents+Vision+For+The+New+Republic%2C+Many+Resign+In+Protest%3A+http%3A%2F%2Fbit.ly%2F12vAurt""><img src=""http://a.fsdn.com/sd/twitter_icon_large.png""></a> <a class=""slashpop"" href=""http://www.facebook.com/sharer.php?u=http%3A%2F%2Fnews.slashdot.org%2Fstory%2F14%2F12%2F06%2F1346248%2Ffacebook-founder-presents-vision-for-the-new-republic-many-resign-in-protest%3Futm_source%3Dslashdot%26utm_medium%3Dfacebook""><img src=""http://a.fsdn.com/sd/facebook_icon_large.png""></a> <a class=""nobg"" href=""http://plus.google.com/share?url=http://news.slashdot.org/story/14/12/06/1346248/facebook-founder-presents-vision-for-the-new-republic-many-resign-in-protest?utm_source=slashdot&amp;utm_medium=googleplus"" onclick=""javascript:window.open(this.href,'', 'menubar=no,toolbar=no,resizable=yes,scrollbars=yes,height=600,width=600');return false;""><img src=""http://www.gstatic.com/images/icons/gplus-16.png"" alt=""Share on Google+""/></a> </div></p><p><a href=""http://news.slashdot.org/story/14/12/06/1346248/facebook-founder-presents-vision-for-the-new-republic-many-resign-in-protest?utm_source=rss1.0moreanon&amp;utm_medium=feed"">Read more of this story</a> at Slashdot.</p><iframe src=""http://slashdot.org/slashdot-it.pl?op=discuss&amp;id=6313091&amp;smallembed=1"" style=""height: 300px; width: 100%; border: none;""></iframe><img width='1' height='1' src='http://slashdot.feedsportal.com/c/35028/f/647410/s/412f0f1e/sc/38/mf.gif' border='0'/><br clear='all'/><br/><br/><a href=""http://da.feedsportal.com/r/214612512709/u/0/f/647410/c/35028/s/412f0f1e/sc/38/rc/1/rc.htm"" rel=""nofollow""><img src=""http://da.feedsportal.com/r/214612512709/u/0/f/647410/c/35028/s/412f0f1e/sc/38/rc/1/rc.img"" border=""0""/></a><br/><a href=""http://da.feedsportal.com/r/214612512709/u/0/f/647410/c/35028/s/412f0f1e/sc/38/rc/2/rc.htm"" rel=""nofollow""><img src=""http://da.feedsportal.com/r/214612512709/u/0/f/647410/c/35028/s/412f0f1e/sc/38/rc/2/rc.img"" border=""0""/></a><br/><a href=""http://da.feedsportal.com/r/214612512709/u/0/f/647410/c/35028/s/412f0f1e/sc/38/rc/3/rc.htm"" rel=""nofollow""><img src=""http://da.feedsportal.com/r/214612512709/u/0/f/647410/c/35028/s/412f0f1e/sc/38/rc/3/rc.img"" border=""0""/></a><br/><br/><a href=""http://da.feedsportal.com/r/214612512709/u/0/f/647410/c/35028/s/412f0f1e/sc/38/a2.htm""><img src=""http://da.feedsportal.com/r/214612512709/u/0/f/647410/c/35028/s/412f0f1e/sc/38/a2.img"" border=""0""/></a><img width=""1"" height=""1"" src=""http://pi.feedsportal.com/r/214612512709/u/0/f/647410/c/35028/s/412f0f1e/sc/38/a2t.img"" border=""0""/><img src=""//feeds.feedburner.com/~r/Slashdot/slashdot/~4/yfQE8_dPzC0"" height=""1"" width=""1"" alt=""""/>"
"GCHQ Does Not Breach Human Rights, Judges Rule",http://rss.slashdot.org/~r/Slashdot/slashdot/~3/lOY3Bv22pXU/story01.htm,"An anonymous reader writes The current system of UK intelligence collection does not currently breach the European Convention of Human Rights, a panel of judges has ruled. A case claiming various systems of interception by GCHQ constituted a breach had been brought by Amnesty, Privacy International and others. It followed revelations by the former US intelligence analyst Edward Snowden about UK and US surveillance practices. But the judges said questions remained about GCHQ's previous activities. Some of the organisations who brought the case, including Amnesty UK and Privacy International, say they intend to appeal the decision to the European Court of Human Rights.<p><div class=""share_submission"" style=""position:relative;""> <a class=""slashpop"" href=""http://twitter.com/home?status=GCHQ+Does+Not+Breach+Human+Rights%2C+Judges+Rule%3A+http%3A%2F%2Fbit.ly%2F1w8hRHP""><img src=""http://a.fsdn.com/sd/twitter_icon_large.png""></a> <a class=""slashpop"" href=""http://www.facebook.com/sharer.php?u=http%3A%2F%2Fyro.slashdot.org%2Fstory%2F14%2F12%2F06%2F0221200%2Fgchq-does-not-breach-human-rights-judges-rule%3Futm_source%3Dslashdot%26utm_medium%3Dfacebook""><img src=""http://a.fsdn.com/sd/facebook_icon_large.png""></a> <a class=""nobg"" href=""http://plus.google.com/share?url=http://yro.slashdot.org/story/14/12/06/0221200/gchq-does-not-breach-human-rights-judges-rule?utm_source=slashdot&amp;utm_medium=googleplus"" onclick=""javascript:window.open(this.href,'', 'menubar=no,toolbar=no,resizable=yes,scrollbars=yes,height=600,width=600');return false;""><img src=""http://www.gstatic.com/images/icons/gplus-16.png"" alt=""Share on Google+""/></a> </div></p><p><a href=""http://yro.slashdot.org/story/14/12/06/0221200/gchq-does-not-breach-human-rights-judges-rule?utm_source=rss1.0moreanon&amp;utm_medium=feed"">Read more of this story</a> at Slashdot.</p><iframe src=""http://slashdot.org/slashdot-it.pl?op=discuss&amp;id=6306995&amp;smallembed=1"" style=""height: 300px; width: 100%; border: none;""></iframe><img width='1' height='1' src='http://slashdot.feedsportal.com/c/35028/f/647410/s/412cfd12/sc/1/mf.gif' border='0'/><br clear='all'/><br/><br/><a href=""http://da.feedsportal.com/r/214612467108/u/0/f/647410/c/35028/s/412cfd12/sc/1/rc/1/rc.htm"" rel=""nofollow""><img src=""http://da.feedsportal.com/r/214612467108/u/0/f/647410/c/35028/s/412cfd12/sc/1/rc/1/rc.img"" border=""0""/></a><br/><a href=""http://da.feedsportal.com/r/214612467108/u/0/f/647410/c/35028/s/412cfd12/sc/1/rc/2/rc.htm"" rel=""nofollow""><img src=""http://da.feedsportal.com/r/214612467108/u/0/f/647410/c/35028/s/412cfd12/sc/1/rc/2/rc.img"" border=""0""/></a><br/><a href=""http://da.feedsportal.com/r/214612467108/u/0/f/647410/c/35028/s/412cfd12/sc/1/rc/3/rc.htm"" rel=""nofollow""><img src=""http://da.feedsportal.com/r/214612467108/u/0/f/647410/c/35028/s/412cfd12/sc/1/rc/3/rc.img"" border=""0""/></a><br/><br/><a href=""http://da.feedsportal.com/r/214612467108/u/0/f/647410/c/35028/s/412cfd12/sc/1/a2.htm""><img src=""http://da.feedsportal.com/r/214612467108/u/0/f/647410/c/35028/s/412cfd12/sc/1/a2.img"" border=""0""/></a><img width=""1"" height=""1"" src=""http://pi.feedsportal.com/r/214612467108/u/0/f/647410/c/35028/s/412cfd12/sc/1/a2t.img"" border=""0""/><img src=""//feeds.feedburner.com/~r/Slashdot/slashdot/~4/lOY3Bv22pXU"" height=""1"" width=""1"" alt=""""/>"
Man Caught Trying To Sell Plans For New Aircraft Carrier,http://rss.slashdot.org/~r/Slashdot/slashdot/~3/DPAkgD-5n-M/story01.htm,"New submitter cyberjock1980 tips news that an engineer has been caught trying to deliver schematics for an aircraft carrier to the Egyptian government. The 35-year-old civilian received security clearance four months ago after working for the U.S. Navy since February. FBI agents made contact with him, pretending to be with the Egyptian government. They struck a deal to buy documents about the U.S.S. Gerald R. Ford, the first in a new line of improved, nuclear-powered aircraft carriers. The man sold four CAD drawings for the carrier, and was later seen photographing another set of schematics. A bond hearing is scheduled for Wednesday.<p><div class=""share_submission"" style=""position:relative;""> <a class=""slashpop"" href=""http://twitter.com/home?status=Man+Caught+Trying+To+Sell+Plans+For+New+Aircraft+Carrier%3A+http%3A%2F%2Fbit.ly%2F1q9kOoN""><img src=""http://a.fsdn.com/sd/twitter_icon_large.png""></a> <a class=""slashpop"" href=""http://www.facebook.com/sharer.php?u=http%3A%2F%2Ftech.slashdot.org%2Fstory%2F14%2F12%2F06%2F2218200%2Fman-caught-trying-to-sell-plans-for-new-aircraft-carrier%3Futm_source%3Dslashdot%26utm_medium%3Dfacebook""><img src=""http://a.fsdn.com/sd/facebook_icon_large.png""></a> <a class=""nobg"" href=""http://plus.google.com/share?url=http://tech.slashdot.org/story/14/12/06/2218200/man-caught-trying-to-sell-plans-for-new-aircraft-carrier?utm_source=slashdot&amp;utm_medium=googleplus"" onclick=""javascript:window.open(this.href,'', 'menubar=no,toolbar=no,resizable=yes,scrollbars=yes,height=600,width=600');return false;""><img src=""http://www.gstatic.com/images/icons/gplus-16.png"" alt=""Share on Google+""/></a> </div></p><p><a href=""http://tech.slashdot.org/story/14/12/06/2218200/man-caught-trying-to-sell-plans-for-new-aircraft-carrier?utm_source=rss1.0moreanon&amp;utm_medium=feed"">Read more of this story</a> at Slashdot.</p><iframe src=""http://slashdot.org/slashdot-it.pl?op=discuss&amp;id=6316165&amp;smallembed=1"" style=""height: 300px; width: 100%; border: none;""></iframe><img width='1' height='1' src='http://slashdot.feedsportal.com/c/35028/f/647410/s/4130ccb1/sc/2/mf.gif' border='0'/><br clear='all'/><br/><br/><a href=""http://da.feedsportal.com/r/214612482773/u/0/f/647410/c/35028/s/4130ccb1/sc/2/rc/1/rc.htm"" rel=""nofollow""><img src=""http://da.feedsportal.com/r/214612482773/u/0/f/647410/c/35028/s/4130ccb1/sc/2/rc/1/rc.img"" border=""0""/></a><br/><a href=""http://da.feedsportal.com/r/214612482773/u/0/f/647410/c/35028/s/4130ccb1/sc/2/rc/2/rc.htm"" rel=""nofollow""><img src=""http://da.feedsportal.com/r/214612482773/u/0/f/647410/c/35028/s/4130ccb1/sc/2/rc/2/rc.img"" border=""0""/></a><br/><a href=""http://da.feedsportal.com/r/214612482773/u/0/f/647410/c/35028/s/4130ccb1/sc/2/rc/3/rc.htm"" rel=""nofollow""><img src=""http://da.feedsportal.com/r/214612482773/u/0/f/647410/c/35028/s/4130ccb1/sc/2/rc/3/rc.img"" border=""0""/></a><br/><br/><a href=""http://da.feedsportal.com/r/214612482773/u/0/f/647410/c/35028/s/4130ccb1/sc/2/a2.htm""><img src=""http://da.feedsportal.com/r/214612482773/u/0/f/647410/c/35028/s/4130ccb1/sc/2/a2.img"" border=""0""/></a><img width=""1"" height=""1"" src=""http://pi.feedsportal.com/r/214612482773/u/0/f/647410/c/35028/s/4130ccb1/sc/2/a2t.img"" border=""0""/><img src=""//feeds.feedburner.com/~r/Slashdot/slashdot/~4/DPAkgD-5n-M"" height=""1"" width=""1"" alt=""""/>"
Mothers Face Medication Dilemma (bioethicscom),http://news.feedzilla.com/en_us/stories/science/409418283?client_source=api&format=json,"(The Guardian) - Police investigating the death of Charlotte Bevan are looking
at whether she had stopped taking medication for a mental health condition so
she could breastfeed her baby. Police investigating the death of Charlotte
Bevan are looking at … Read More

"
NSF Accused of Misuse of Funds In Giant Ecological Project,http://rss.slashdot.org/~r/Slashdot/slashdot/~3/EzqV3HTR--U/story01.htm,"An anonymous reader writes: The National Science Foundation (NSF) and a contractor have been accused by both an audit and by Congress of a significant misuse of funds in a major ecological monitoring project costing almost a half a billion dollars. From the article: ""With a construction budget of $433.7 million, NEON is planned to consist of 106 sites across the United States. Arrays of sensors at each site will monitor climate change and human impacts for 30 years, building an unprecedented continental-scale data set. Although some initially doubted its merits, the allure of big-data ecology eventually won over most scientists. But a 2011 audit of the project's proposed construction budget stalled three times when, according to the independent Defense Contract Audit Agency, NEON's accounting proved so poor that the review could not be completed. Eventually, DCAA issued an adverse ruling, concluding that nearly 36% of NEON's budget proposal was questionable or undocumented. When the NSF green-lit the project, the agency's inspector-general ordered the audit released on 24 November, which found unallowable expenses including a $25,000 winter holiday party, $11,000 to provide coffee for employees, $3,000 for board-of-directors dinners that included alcohol, $3,000 for t-shirts and other clothes, $83,000 for ""business development"" and $112,000 for lobbying.""<p><div class=""share_submission"" style=""position:relative;""> <a class=""slashpop"" href=""http://twitter.com/home?status=NSF+Accused+of+Misuse+of+Funds+In+Giant+Ecological+Project%3A+http%3A%2F%2Fbit.ly%2F1FZgrPo""><img src=""http://a.fsdn.com/sd/twitter_icon_large.png""></a> <a class=""slashpop"" href=""http://www.facebook.com/sharer.php?u=http%3A%2F%2Fyro.slashdot.org%2Fstory%2F14%2F12%2F06%2F1753258%2Fnsf-accused-of-misuse-of-funds-in-giant-ecological-project%3Futm_source%3Dslashdot%26utm_medium%3Dfacebook""><img src=""http://a.fsdn.com/sd/facebook_icon_large.png""></a> <a class=""nobg"" href=""http://plus.google.com/share?url=http://yro.slashdot.org/story/14/12/06/1753258/nsf-accused-of-misuse-of-funds-in-giant-ecological-project?utm_source=slashdot&amp;utm_medium=googleplus"" onclick=""javascript:window.open(this.href,'', 'menubar=no,toolbar=no,resizable=yes,scrollbars=yes,height=600,width=600');return false;""><img src=""http://www.gstatic.com/images/icons/gplus-16.png"" alt=""Share on Google+""/></a> </div></p><p><a href=""http://yro.slashdot.org/story/14/12/06/1753258/nsf-accused-of-misuse-of-funds-in-giant-ecological-project?utm_source=rss1.0moreanon&amp;utm_medium=feed"">Read more of this story</a> at Slashdot.</p><iframe src=""http://slashdot.org/slashdot-it.pl?op=discuss&amp;id=6314591&amp;smallembed=1"" style=""height: 300px; width: 100%; border: none;""></iframe><img width='1' height='1' src='http://slashdot.feedsportal.com/c/35028/f/647410/s/412f7a88/sc/1/mf.gif' border='0'/><br clear='all'/><br/><br/><a href=""http://da.feedsportal.com/r/214612478402/u/0/f/647410/c/35028/s/412f7a88/sc/1/rc/1/rc.htm"" rel=""nofollow""><img src=""http://da.feedsportal.com/r/214612478402/u/0/f/647410/c/35028/s/412f7a88/sc/1/rc/1/rc.img"" border=""0""/></a><br/><a href=""http://da.feedsportal.com/r/214612478402/u/0/f/647410/c/35028/s/412f7a88/sc/1/rc/2/rc.htm"" rel=""nofollow""><img src=""http://da.feedsportal.com/r/214612478402/u/0/f/647410/c/35028/s/412f7a88/sc/1/rc/2/rc.img"" border=""0""/></a><br/><a href=""http://da.feedsportal.com/r/214612478402/u/0/f/647410/c/35028/s/412f7a88/sc/1/rc/3/rc.htm"" rel=""nofollow""><img src=""http://da.feedsportal.com/r/214612478402/u/0/f/647410/c/35028/s/412f7a88/sc/1/rc/3/rc.img"" border=""0""/></a><br/><br/><a href=""http://da.feedsportal.com/r/214612478402/u/0/f/647410/c/35028/s/412f7a88/sc/1/a2.htm""><img src=""http://da.feedsportal.com/r/214612478402/u/0/f/647410/c/35028/s/412f7a88/sc/1/a2.img"" border=""0""/></a><img width=""1"" height=""1"" src=""http://pi.feedsportal.com/r/214612478402/u/0/f/647410/c/35028/s/412f7a88/sc/1/a2t.img"" border=""0""/><img src=""//feeds.feedburner.com/~r/Slashdot/slashdot/~4/EzqV3HTR--U"" height=""1"" width=""1"" alt=""""/>"
New Study Validates the Usefulness of Genomic Medicine in Children with Neurologic Disorders (bioethicscom),http://news.feedzilla.com/en_us/stories/science/409414945?client_source=api&format=json,"(Medical Xpress) - Results from more than 100 families with children affected
by a broad range of neurologic and developmental disorders who underwent
genomic testing to end their quest for a diagnosis, were published today in
Science Translational Medicine. This … Read More

"
"Ofcom Will Remove Mandatory Ham Callsign ID Interval, Allow Encryption For Some",http://rss.slashdot.org/~r/Slashdot/slashdot/~3/964Tl7tPFhs/story01.htm,"product_bucket writes: The UK's radio regulator, Ofcom, today published changes in the licensing conditions that remove the mandatory 15-minute callsign ID interval on all allocated frequencies apart from 5MHz, where special conditions remain. In its place, a requirement for the station to be ""clearly identifiable at all times"" has been made, along with a requirement to transmit the station callsign ""as frequently as is practicable"" in a form consistent with the operating mode. The decision also permits the use of encryption (PDF) when the station is being used for, or on behalf of a user service such as St. John Ambulance. Unusually, no response to the consultation (PDF) has been made available, so there is at present no way to assess the extent to which the changes were based on actual responses.<p><div class=""share_submission"" style=""position:relative;""> <a class=""slashpop"" href=""http://twitter.com/home?status=Ofcom+Will+Remove+Mandatory+Ham+Callsign+ID+Interval%2C+Allow+Encryption+For+Some%3A+http%3A%2F%2Fbit.ly%2F1z4gUzs""><img src=""http://a.fsdn.com/sd/twitter_icon_large.png""></a> <a class=""slashpop"" href=""http://www.facebook.com/sharer.php?u=http%3A%2F%2Fradio.slashdot.org%2Fstory%2F14%2F12%2F05%2F2219236%2Fofcom-will-remove-mandatory-ham-callsign-id-interval-allow-encryption-for-some%3Futm_source%3Dslashdot%26utm_medium%3Dfacebook""><img src=""http://a.fsdn.com/sd/facebook_icon_large.png""></a> <a class=""nobg"" href=""http://plus.google.com/share?url=http://radio.slashdot.org/story/14/12/05/2219236/ofcom-will-remove-mandatory-ham-callsign-id-interval-allow-encryption-for-some?utm_source=slashdot&amp;utm_medium=googleplus"" onclick=""javascript:window.open(this.href,'', 'menubar=no,toolbar=no,resizable=yes,scrollbars=yes,height=600,width=600');return false;""><img src=""http://www.gstatic.com/images/icons/gplus-16.png"" alt=""Share on Google+""/></a> </div></p><p><a href=""http://radio.slashdot.org/story/14/12/05/2219236/ofcom-will-remove-mandatory-ham-callsign-id-interval-allow-encryption-for-some?utm_source=rss1.0moreanon&amp;utm_medium=feed"">Read more of this story</a> at Slashdot.</p><iframe src=""http://slashdot.org/slashdot-it.pl?op=discuss&amp;id=6305873&amp;smallembed=1"" style=""height: 300px; width: 100%; border: none;""></iframe><img width='1' height='1' src='http://slashdot.feedsportal.com/c/35028/f/647410/s/412b42c1/sc/4/mf.gif' border='0'/><br clear='all'/><br/><br/><a href=""http://da.feedsportal.com/r/214612439040/u/0/f/647410/c/35028/s/412b42c1/sc/4/rc/1/rc.htm"" rel=""nofollow""><img src=""http://da.feedsportal.com/r/214612439040/u/0/f/647410/c/35028/s/412b42c1/sc/4/rc/1/rc.img"" border=""0""/></a><br/><a href=""http://da.feedsportal.com/r/214612439040/u/0/f/647410/c/35028/s/412b42c1/sc/4/rc/2/rc.htm"" rel=""nofollow""><img src=""http://da.feedsportal.com/r/214612439040/u/0/f/647410/c/35028/s/412b42c1/sc/4/rc/2/rc.img"" border=""0""/></a><br/><a href=""http://da.feedsportal.com/r/214612439040/u/0/f/647410/c/35028/s/412b42c1/sc/4/rc/3/rc.htm"" rel=""nofollow""><img src=""http://da.feedsportal.com/r/214612439040/u/0/f/647410/c/35028/s/412b42c1/sc/4/rc/3/rc.img"" border=""0""/></a><br/><br/><a href=""http://da.feedsportal.com/r/214612439040/u/0/f/647410/c/35028/s/412b42c1/sc/4/a2.htm""><img src=""http://da.feedsportal.com/r/214612439040/u/0/f/647410/c/35028/s/412b42c1/sc/4/a2.img"" border=""0""/></a><img width=""1"" height=""1"" src=""http://pi.feedsportal.com/r/214612439040/u/0/f/647410/c/35028/s/412b42c1/sc/4/a2t.img"" border=""0""/><img src=""//feeds.feedburner.com/~r/Slashdot/slashdot/~4/964Tl7tPFhs"" height=""1"" width=""1"" alt=""""/>"
One-Atom-Thick Sheets of Material Stack Like Nanoscale Legos and Form Materials the World Has Never Seen (Scientific American),http://news.feedzilla.com/en_us/stories/science/409405401?client_source=api&format=json,"Snapping together one-atom-thick sheets of material creates substances with
completely new properties--and amazing possibilities


-- Read more on ScientificAmerican.com

"
Orion Capsule Launches New Era for NASA (Scientific American),http://news.feedzilla.com/en_us/stories/science/409420059?client_source=api&format=json,"A crew capsule designed for deep space made its debut launch from Cape
Canaveral


-- Read more on ScientificAmerican.com

"
"Orion Capsule Safely Recovered, Complete With 12-Year-Old Computer Guts",http://rss.slashdot.org/~r/Slashdot/slashdot/~3/ljXxXwQRsqM/story01.htm,"Lucas123 writes While NASA's Orion spacecraft, which blasted off on a successful test flight today, may be preparing for a first-of-its-kind mission to carry astronauts to Mars and other deep-space missions, the technology inside of it is no where near leading edge. In fact, its computers and its processors are 12 years old &mdash; making them ancient in tech years. The spacecraft, according to one NASA engineer, is built to be rugged and reliable in the face of G forces, massive amounts of radiation and the other rigors of space.""Compared to the [Intel] Core i5 in your laptop, it's much slower &mdash; much less powerful. It's probably not any faster than your smartphone,"" Matt Lemke, NASA's deputy manager for Orion's avionics, power and software team, told Computerworld. Lemke said the spacecraft was built to be rugged and reliable &mdash; not necessarily smart. That's why there are two flight computers. Orion's main computer was built by Honeywell as a flight computer originally for Boeing's 787 jet airliner. Not only was the launch itself successful, but the sensor-laden craft's splashdown was smooth (""bulls-eye,"" as NASA puts it), and NASA has now recovered the capsule. ABC News has some good photos, too.<p><div class=""share_submission"" style=""position:relative;""> <a class=""slashpop"" href=""http://twitter.com/home?status=Orion+Capsule+Safely+Recovered%2C+Complete+With+12-Year-Old+Computer+Guts%3A+http%3A%2F%2Fbit.ly%2F1yySM7Y""><img src=""http://a.fsdn.com/sd/twitter_icon_large.png""></a> <a class=""slashpop"" href=""http://www.facebook.com/sharer.php?u=http%3A%2F%2Fscience.slashdot.org%2Fstory%2F14%2F12%2F06%2F0331256%2Forion-capsule-safely-recovered-complete-with-12-year-old-computer-guts%3Futm_source%3Dslashdot%26utm_medium%3Dfacebook""><img src=""http://a.fsdn.com/sd/facebook_icon_large.png""></a> <a class=""nobg"" href=""http://plus.google.com/share?url=http://science.slashdot.org/story/14/12/06/0331256/orion-capsule-safely-recovered-complete-with-12-year-old-computer-guts?utm_source=slashdot&amp;utm_medium=googleplus"" onclick=""javascript:window.open(this.href,'', 'menubar=no,toolbar=no,resizable=yes,scrollbars=yes,height=600,width=600');return false;""><img src=""http://www.gstatic.com/images/icons/gplus-16.png"" alt=""Share on Google+""/></a> </div></p><p><a href=""http://science.slashdot.org/story/14/12/06/0331256/orion-capsule-safely-recovered-complete-with-12-year-old-computer-guts?utm_source=rss1.0moreanon&amp;utm_medium=feed"">Read more of this story</a> at Slashdot.</p><iframe src=""http://slashdot.org/slashdot-it.pl?op=discuss&amp;id=6307567&amp;smallembed=1"" style=""height: 300px; width: 100%; border: none;""></iframe><img width='1' height='1' src='http://slashdot.feedsportal.com/c/35028/f/647410/s/412c2088/sc/21/mf.gif' border='0'/><br clear='all'/><br/><br/><a href=""http://da.feedsportal.com/r/214612458125/u/0/f/647410/c/35028/s/412c2088/sc/21/rc/1/rc.htm"" rel=""nofollow""><img src=""http://da.feedsportal.com/r/214612458125/u/0/f/647410/c/35028/s/412c2088/sc/21/rc/1/rc.img"" border=""0""/></a><br/><a href=""http://da.feedsportal.com/r/214612458125/u/0/f/647410/c/35028/s/412c2088/sc/21/rc/2/rc.htm"" rel=""nofollow""><img src=""http://da.feedsportal.com/r/214612458125/u/0/f/647410/c/35028/s/412c2088/sc/21/rc/2/rc.img"" border=""0""/></a><br/><a href=""http://da.feedsportal.com/r/214612458125/u/0/f/647410/c/35028/s/412c2088/sc/21/rc/3/rc.htm"" rel=""nofollow""><img src=""http://da.feedsportal.com/r/214612458125/u/0/f/647410/c/35028/s/412c2088/sc/21/rc/3/rc.img"" border=""0""/></a><br/><br/><a href=""http://da.feedsportal.com/r/214612458125/u/0/f/647410/c/35028/s/412c2088/sc/21/a2.htm""><img src=""http://da.feedsportal.com/r/214612458125/u/0/f/647410/c/35028/s/412c2088/sc/21/a2.img"" border=""0""/></a><img width=""1"" height=""1"" src=""http://pi.feedsportal.com/r/214612458125/u/0/f/647410/c/35028/s/412c2088/sc/21/a2t.img"" border=""0""/><img src=""//feeds.feedburner.com/~r/Slashdot/slashdot/~4/ljXxXwQRsqM"" height=""1"" width=""1"" alt=""""/>"
"Physics Week in Review: December 6, 2014 (Scientific American)",http://news.feedzilla.com/en_us/stories/science/409454356?client_source=api&format=json,"After Thursday's aborted launch, the Orion Spaceship finally Blasted Off at
Dawn on Friday morning. You can watch the official NASA video here.


-- Read more on ScientificAmerican.com

"
Pluto-bound spacecraft ends hibernation to start mission (reuters),http://news.feedzilla.com/en_us/stories/science/409456765?client_source=api&format=json,"CAPE CANAVERAL, Fla. (Reuters) - After nine years and a journey of 3 billion
miles (4.8 billion km), NASA's New Horizons robotic probe awoke from
hibernation on Saturday to begin an unprecedented mission to study the icy
dwarf planet Pluto and sibling worlds in its Kuiper Belt home.







"
Powerful Philippines Typhoon Spotted From Space As 1 Million Flee Homes (Universe Today),http://news.feedzilla.com/en_us/stories/science/409473664?client_source=api&format=json,"As a million people fled their homes in the Philippines, astronauts on the
International Space Station could clearly see the cause of the disruption --
Typhoon Hagupit, which struck the chain of Asian islands this weekend. ""This
storm looks incredibly dangerous -- praying for the people of the
Philippines,"" wrote Expedition 42 astronaut Terry Virts […]

"
Protons Pass Through The Notoriously Impermeable Material Graphene (pubs.acs),http://news.feedzilla.com/en_us/stories/science/409383769?client_source=api&format=json,"Materials: Membranes made of this and other two-dimensional materials could
improve hydrogen fuel cells, which require a proton-conducting barrier

"
Romanian Officials Say Russia Finances European Fracking Protests,http://rss.slashdot.org/~r/Slashdot/slashdot/~3/rqWaa83P240/story01.htm,"HughPickens.com writes Andrew Higgins reports in the NYT that Romanian officials including the prime minister point to a mysteriously well-financed and well-organized campaign of protests over fracking in Europe and are pointing their fingers at Russia's Gazprom, a state-controlled energy giant, that has a clear interest in preventing countries dependent on Russian natural gas from developing their own alternative supplies of energy and preserving a lucrative market for itself &mdash; and a potent foreign policy tool for the Kremlin. ""Russia, as part of their sophisticated information and disinformation operations, engaged actively with so-called nongovernmental organizations &mdash; environmental organizations working against shale gas &mdash; to maintain dependence on imported Russian gas,"" says NATO's former secretary general, Anders Fogh Rasmussen. A wave of protest against fracking began three years ago in Bulgaria, a country highly dependent on Russian energy. Faced with a sudden surge of street protests by activists, many of whom had previously shown little interest in environmental issues, the Bulgarian government in 2012 banned fracking and canceled a shale gas license issued earlier to Chevron.<p><div class=""share_submission"" style=""position:relative;""> <a class=""slashpop"" href=""http://twitter.com/home?status=Romanian+Officials+Say+Russia+Finances+European+Fracking+Protests%3A+http%3A%2F%2Fbit.ly%2F1vpOVnP""><img src=""http://a.fsdn.com/sd/twitter_icon_large.png""></a> <a class=""slashpop"" href=""http://www.facebook.com/sharer.php?u=http%3A%2F%2Fpolitics.slashdot.org%2Fstory%2F14%2F12%2F06%2F0350236%2Fromanian-officials-say-russia-finances-european-fracking-protests%3Futm_source%3Dslashdot%26utm_medium%3Dfacebook""><img src=""http://a.fsdn.com/sd/facebook_icon_large.png""></a> <a class=""nobg"" href=""http://plus.google.com/share?url=http://politics.slashdot.org/story/14/12/06/0350236/romanian-officials-say-russia-finances-european-fracking-protests?utm_source=slashdot&amp;utm_medium=googleplus"" onclick=""javascript:window.open(this.href,'', 'menubar=no,toolbar=no,resizable=yes,scrollbars=yes,height=600,width=600');return false;""><img src=""http://www.gstatic.com/images/icons/gplus-16.png"" alt=""Share on Google+""/></a> </div></p><p><a href=""http://politics.slashdot.org/story/14/12/06/0350236/romanian-officials-say-russia-finances-european-fracking-protests?utm_source=rss1.0moreanon&amp;utm_medium=feed"">Read more of this story</a> at Slashdot.</p><iframe src=""http://slashdot.org/slashdot-it.pl?op=discuss&amp;id=6307687&amp;smallembed=1"" style=""height: 300px; width: 100%; border: none;""></iframe><img width='1' height='1' src='http://slashdot.feedsportal.com/c/35028/f/647410/s/412e7470/sc/24/mf.gif' border='0'/><br clear='all'/><br/><br/><a href=""http://da.feedsportal.com/r/214612510455/u/0/f/647410/c/35028/s/412e7470/sc/24/rc/1/rc.htm"" rel=""nofollow""><img src=""http://da.feedsportal.com/r/214612510455/u/0/f/647410/c/35028/s/412e7470/sc/24/rc/1/rc.img"" border=""0""/></a><br/><a href=""http://da.feedsportal.com/r/214612510455/u/0/f/647410/c/35028/s/412e7470/sc/24/rc/2/rc.htm"" rel=""nofollow""><img src=""http://da.feedsportal.com/r/214612510455/u/0/f/647410/c/35028/s/412e7470/sc/24/rc/2/rc.img"" border=""0""/></a><br/><a href=""http://da.feedsportal.com/r/214612510455/u/0/f/647410/c/35028/s/412e7470/sc/24/rc/3/rc.htm"" rel=""nofollow""><img src=""http://da.feedsportal.com/r/214612510455/u/0/f/647410/c/35028/s/412e7470/sc/24/rc/3/rc.img"" border=""0""/></a><br/><br/><a href=""http://da.feedsportal.com/r/214612510455/u/0/f/647410/c/35028/s/412e7470/sc/24/a2.htm""><img src=""http://da.feedsportal.com/r/214612510455/u/0/f/647410/c/35028/s/412e7470/sc/24/a2.img"" border=""0""/></a><img width=""1"" height=""1"" src=""http://pi.feedsportal.com/r/214612510455/u/0/f/647410/c/35028/s/412e7470/sc/24/a2t.img"" border=""0""/><img src=""//feeds.feedburner.com/~r/Slashdot/slashdot/~4/rqWaa83P240"" height=""1"" width=""1"" alt=""""/>"
Shindell Testifies Before Congress On Benefits Of Reducing Short-Lived Climate Pollutants (Duke),http://news.feedzilla.com/en_us/stories/science/409411947?client_source=api&format=json,"

"
Sony Employees Receive Email Threat From Hackers: 'Your Family Will Be In Danger',http://rss.slashdot.org/~r/Slashdot/slashdot/~3/q6XMEYfOjlw/story01.htm,"MojoKid writes: Things are going from bad to worse when it comes to the recent Sony Pictures Entertainment breach. Not only has sensitive financial information been released &mdash; including the salaries of high-ranking Sony executives &mdash; but more damaging personal information including 47,000 Social Security numbers of employees and actors have been leaked to the internet. We're now learning some even more disturbing details, unfortunately. Guardians of Peace (GOP), the hackers claiming responsibility for infiltrating Sony's computer network, are now threatening to harm the families of Sony employees. GOP reportedly sent Sony employees an email, which just so happened to be riddled with spelling and grammatical errors, that read in part, ""your family will be in danger.""<p><div class=""share_submission"" style=""position:relative;""> <a class=""slashpop"" href=""http://twitter.com/home?status=Sony+Employees+Receive+Email+Threat+From+Hackers%3A+'Your+Family+Will+Be+In+Danger%3A+http%3A%2F%2Fbit.ly%2F1yq372f""><img src=""http://a.fsdn.com/sd/twitter_icon_large.png""></a> <a class=""slashpop"" href=""http://www.facebook.com/sharer.php?u=http%3A%2F%2Fit.slashdot.org%2Fstory%2F14%2F12%2F06%2F1813213%2Fsony-employees-receive-email-threat-from-hackers-your-family-will-be-in-danger%3Futm_source%3Dslashdot%26utm_medium%3Dfacebook""><img src=""http://a.fsdn.com/sd/facebook_icon_large.png""></a> <a class=""nobg"" href=""http://plus.google.com/share?url=http://it.slashdot.org/story/14/12/06/1813213/sony-employees-receive-email-threat-from-hackers-your-family-will-be-in-danger?utm_source=slashdot&amp;utm_medium=googleplus"" onclick=""javascript:window.open(this.href,'', 'menubar=no,toolbar=no,resizable=yes,scrollbars=yes,height=600,width=600');return false;""><img src=""http://www.gstatic.com/images/icons/gplus-16.png"" alt=""Share on Google+""/></a> </div></p><p><a href=""http://it.slashdot.org/story/14/12/06/1813213/sony-employees-receive-email-threat-from-hackers-your-family-will-be-in-danger?utm_source=rss1.0moreanon&amp;utm_medium=feed"">Read more of this story</a> at Slashdot.</p><iframe src=""http://slashdot.org/slashdot-it.pl?op=discuss&amp;id=6314713&amp;smallembed=1"" style=""height: 300px; width: 100%; border: none;""></iframe><img width='1' height='1' src='http://slashdot.feedsportal.com/c/35028/f/647410/s/412fe3ba/sc/1/mf.gif' border='0'/><br clear='all'/><br/><br/><a href=""http://da.feedsportal.com/r/214612479321/u/0/f/647410/c/35028/s/412fe3ba/sc/1/rc/1/rc.htm"" rel=""nofollow""><img src=""http://da.feedsportal.com/r/214612479321/u/0/f/647410/c/35028/s/412fe3ba/sc/1/rc/1/rc.img"" border=""0""/></a><br/><a href=""http://da.feedsportal.com/r/214612479321/u/0/f/647410/c/35028/s/412fe3ba/sc/1/rc/2/rc.htm"" rel=""nofollow""><img src=""http://da.feedsportal.com/r/214612479321/u/0/f/647410/c/35028/s/412fe3ba/sc/1/rc/2/rc.img"" border=""0""/></a><br/><a href=""http://da.feedsportal.com/r/214612479321/u/0/f/647410/c/35028/s/412fe3ba/sc/1/rc/3/rc.htm"" rel=""nofollow""><img src=""http://da.feedsportal.com/r/214612479321/u/0/f/647410/c/35028/s/412fe3ba/sc/1/rc/3/rc.img"" border=""0""/></a><br/><br/><a href=""http://da.feedsportal.com/r/214612479321/u/0/f/647410/c/35028/s/412fe3ba/sc/1/a2.htm""><img src=""http://da.feedsportal.com/r/214612479321/u/0/f/647410/c/35028/s/412fe3ba/sc/1/a2.img"" border=""0""/></a><img width=""1"" height=""1"" src=""http://pi.feedsportal.com/r/214612479321/u/0/f/647410/c/35028/s/412fe3ba/sc/1/a2t.img"" border=""0""/><img src=""//feeds.feedburner.com/~r/Slashdot/slashdot/~4/q6XMEYfOjlw"" height=""1"" width=""1"" alt=""""/>"
Texas biologists warm chilled sea turtles (The Arizona Republic),http://news.feedzilla.com/en_us/stories/science/409452728?client_source=api&format=json,"GALVESTON, Texas (AP) -- Marine biologists have flown dozens of endangered sea
turtles from Cape Cod to Galveston for treatment of hypothermia....

"
The Most Beautiful Space Photos Of 2013 (TIME),http://news.feedzilla.com/en_us/stories/science/409428553?client_source=api&format=json,"Cosmic photography is always breathtaking, so a full year's worth of images
provides plenty of choices. Here are some of 2013's highlights.

"
"The West Antarctic Ice Sheet Has Not Collapsed, But New Findings are Concerning. Do they Indicate a 'Climate Crisis'? (Discover Magazine)",http://news.feedzilla.com/en_us/stories/science/409427396?client_source=api&format=json,"| Udpate: I've been asking some scientists what they think about
characterizing the climate as being in ""crisis,"" as well as other issues I
raise below. As they come in I'll tack them on to the bottom of the post. So
make sure to scroll all the way down. | Earlier this year, new research
offered strong evidence that melting of the massive West Antarctic Ice Sheet
has passed the point of no return. If true, this means it is now in
irreversible retreat and will ""collapse,"" as scientists put

"
The intestinal immune system controls the body weight (Eurekalert),http://news.feedzilla.com/en_us/stories/science/409401538?client_source=api&format=json,"A group of Louvain Drug Research Institute researchers identified an
unsuspected mechanism impacting the development of obesity and diabetes type 2
after following a diet with a high dose of fat nutrition. The team of
Professor Patrice D. Cani -- in direct collaboration with two French teams, a
Swedish expert as well as other Universite catholique de Louvain researchers
-- made an important discovery related to the essential role of the intestinal
immune system regarding the control of the energy metabolism.

"
US Treasury Dept: Banks Should Block Tor Nodes,http://rss.slashdot.org/~r/Slashdot/slashdot/~3/gbAiR2ASvtY/story01.htm,"tsu doh nimh writes: A new report from the U.S. Treasury Department found that nearly $24 million in bank account takeovers by hackers (and other cyber theft over the past decade) might have been thwarted had affected institutions known to look for and block transactions coming through the Tor anonymity network. Brian Krebs cites from the non-public report, which relied on an analysis of suspicious activity reports filed by banks over the past decade: ""Analysis of these documents found that few filers were aware of the connection to Tor, that the bulk of these filings were related to cybercrime, and that Tor-related filings were rapidly rising. Our BSA [Bank Secrecy Act] analysis of 6,048 IP addresses associated with the Tor darknet found that in the majority of the SAR filings, the underlying suspicious activity &mdash; most frequently account takeovers &mdash; might have been prevented if the filing institution had been aware that their network was being accessed via Tor IP addresses."" Meanwhile, the Tor Project continues to ask for assistance in adapting the technology to an Internet that is increasingly blocking users who visit from Tor.<p><div class=""share_submission"" style=""position:relative;""> <a class=""slashpop"" href=""http://twitter.com/home?status=US+Treasury+Dept%3A+Banks+Should+Block+Tor+Nodes%3A+http%3A%2F%2Fbit.ly%2F1AD5PEx""><img src=""http://a.fsdn.com/sd/twitter_icon_large.png""></a> <a class=""slashpop"" href=""http://www.facebook.com/sharer.php?u=http%3A%2F%2Fyro.slashdot.org%2Fstory%2F14%2F12%2F06%2F1511207%2Fus-treasury-dept-banks-should-block-tor-nodes%3Futm_source%3Dslashdot%26utm_medium%3Dfacebook""><img src=""http://a.fsdn.com/sd/facebook_icon_large.png""></a> <a class=""nobg"" href=""http://plus.google.com/share?url=http://yro.slashdot.org/story/14/12/06/1511207/us-treasury-dept-banks-should-block-tor-nodes?utm_source=slashdot&amp;utm_medium=googleplus"" onclick=""javascript:window.open(this.href,'', 'menubar=no,toolbar=no,resizable=yes,scrollbars=yes,height=600,width=600');return false;""><img src=""http://www.gstatic.com/images/icons/gplus-16.png"" alt=""Share on Google+""/></a> </div></p><p><a href=""http://yro.slashdot.org/story/14/12/06/1511207/us-treasury-dept-banks-should-block-tor-nodes?utm_source=rss1.0moreanon&amp;utm_medium=feed"">Read more of this story</a> at Slashdot.</p><iframe src=""http://slashdot.org/slashdot-it.pl?op=discuss&amp;id=6313573&amp;smallembed=1"" style=""height: 300px; width: 100%; border: none;""></iframe><img width='1' height='1' src='http://slashdot.feedsportal.com/c/35028/f/647410/s/412f411a/sc/1/mf.gif' border='0'/><br clear='all'/><br/><br/><a href=""http://da.feedsportal.com/r/214612477239/u/0/f/647410/c/35028/s/412f411a/sc/1/rc/1/rc.htm"" rel=""nofollow""><img src=""http://da.feedsportal.com/r/214612477239/u/0/f/647410/c/35028/s/412f411a/sc/1/rc/1/rc.img"" border=""0""/></a><br/><a href=""http://da.feedsportal.com/r/214612477239/u/0/f/647410/c/35028/s/412f411a/sc/1/rc/2/rc.htm"" rel=""nofollow""><img src=""http://da.feedsportal.com/r/214612477239/u/0/f/647410/c/35028/s/412f411a/sc/1/rc/2/rc.img"" border=""0""/></a><br/><a href=""http://da.feedsportal.com/r/214612477239/u/0/f/647410/c/35028/s/412f411a/sc/1/rc/3/rc.htm"" rel=""nofollow""><img src=""http://da.feedsportal.com/r/214612477239/u/0/f/647410/c/35028/s/412f411a/sc/1/rc/3/rc.img"" border=""0""/></a><br/><br/><a href=""http://da.feedsportal.com/r/214612477239/u/0/f/647410/c/35028/s/412f411a/sc/1/a2.htm""><img src=""http://da.feedsportal.com/r/214612477239/u/0/f/647410/c/35028/s/412f411a/sc/1/a2.img"" border=""0""/></a><img width=""1"" height=""1"" src=""http://pi.feedsportal.com/r/214612477239/u/0/f/647410/c/35028/s/412f411a/sc/1/a2t.img"" border=""0""/><img src=""//feeds.feedburner.com/~r/Slashdot/slashdot/~4/gbAiR2ASvtY"" height=""1"" width=""1"" alt=""""/>"
Using Discarded Laptop Batteries To Power Lights,http://rss.slashdot.org/~r/Slashdot/slashdot/~3/hQZLKMQhCdo/story01.htm,"mrspoonsi sends news of an IBM study (PDF) which found that discarded laptop batteries could be used to power lights in areas where there's little or no electrical grid. Of the sample IBM tested, 70% of the used batteries were able to power an LED light for more than four hours every day throughout an entire year. The concept was trialed in the Indian city of Bangalore this year. The adapted power packs are expected to prove popular with street vendors, who are not on the electric grid, as well as poor families living in slums. The IBM team created what they called an UrJar &mdash; a device that uses lithium-ion cells from the old batteries to power low-energy DC devices, such as a light. The researchers are aiming to help the approximately 400 million people in India who are off grid.<p><div class=""share_submission"" style=""position:relative;""> <a class=""slashpop"" href=""http://twitter.com/home?status=Using+Discarded+Laptop+Batteries+To+Power+Lights%3A+http%3A%2F%2Fbit.ly%2F1vZORic""><img src=""http://a.fsdn.com/sd/twitter_icon_large.png""></a> <a class=""slashpop"" href=""http://www.facebook.com/sharer.php?u=http%3A%2F%2Fhardware.slashdot.org%2Fstory%2F14%2F12%2F06%2F231254%2Fusing-discarded-laptop-batteries-to-power-lights%3Futm_source%3Dslashdot%26utm_medium%3Dfacebook""><img src=""http://a.fsdn.com/sd/facebook_icon_large.png""></a> <a class=""nobg"" href=""http://plus.google.com/share?url=http://hardware.slashdot.org/story/14/12/06/231254/using-discarded-laptop-batteries-to-power-lights?utm_source=slashdot&amp;utm_medium=googleplus"" onclick=""javascript:window.open(this.href,'', 'menubar=no,toolbar=no,resizable=yes,scrollbars=yes,height=600,width=600');return false;""><img src=""http://www.gstatic.com/images/icons/gplus-16.png"" alt=""Share on Google+""/></a> </div></p><p><a href=""http://hardware.slashdot.org/story/14/12/06/231254/using-discarded-laptop-batteries-to-power-lights?utm_source=rss1.0moreanon&amp;utm_medium=feed"">Read more of this story</a> at Slashdot.</p><iframe src=""http://slashdot.org/slashdot-it.pl?op=discuss&amp;id=6316309&amp;smallembed=1"" style=""height: 300px; width: 100%; border: none;""></iframe><img width='1' height='1' src='http://slashdot.feedsportal.com/c/35028/f/647410/s/413167c7/sc/24/mf.gif' border='0'/><br clear='all'/><br/><br/><a href=""http://da.feedsportal.com/r/214612465186/u/0/f/647410/c/35028/s/413167c7/sc/24/rc/1/rc.htm"" rel=""nofollow""><img src=""http://da.feedsportal.com/r/214612465186/u/0/f/647410/c/35028/s/413167c7/sc/24/rc/1/rc.img"" border=""0""/></a><br/><a href=""http://da.feedsportal.com/r/214612465186/u/0/f/647410/c/35028/s/413167c7/sc/24/rc/2/rc.htm"" rel=""nofollow""><img src=""http://da.feedsportal.com/r/214612465186/u/0/f/647410/c/35028/s/413167c7/sc/24/rc/2/rc.img"" border=""0""/></a><br/><a href=""http://da.feedsportal.com/r/214612465186/u/0/f/647410/c/35028/s/413167c7/sc/24/rc/3/rc.htm"" rel=""nofollow""><img src=""http://da.feedsportal.com/r/214612465186/u/0/f/647410/c/35028/s/413167c7/sc/24/rc/3/rc.img"" border=""0""/></a><br/><br/><a href=""http://da.feedsportal.com/r/214612465186/u/0/f/647410/c/35028/s/413167c7/sc/24/a2.htm""><img src=""http://da.feedsportal.com/r/214612465186/u/0/f/647410/c/35028/s/413167c7/sc/24/a2.img"" border=""0""/></a><img width=""1"" height=""1"" src=""http://pi.feedsportal.com/r/214612465186/u/0/f/647410/c/35028/s/413167c7/sc/24/a2t.img"" border=""0""/><img src=""//feeds.feedburner.com/~r/Slashdot/slashdot/~4/hQZLKMQhCdo"" height=""1"" width=""1"" alt=""""/>"
"With Eyes on China, Intel Invests Billions In Mobile Ambitions",http://rss.slashdot.org/~r/Slashdot/slashdot/~3/LpkL7Yn3_8A/story01.htm,"itwbennett writes The allure of mobile devices has led Intel to take some uncharacteristic moves, partnering with Chinese companies to build some smartphone and tablet chips, and relying on third parties to manufacture those chips. Intel is betting the partnerships will accelerate its business in China, where smartphone shipments are booming. But the company wants to regain complete control over manufacturing, and on Thursday said it was investing $1.6 billion over 15 years in a China plant for mobile chip development and manufacturing.<p><div class=""share_submission"" style=""position:relative;""> <a class=""slashpop"" href=""http://twitter.com/home?status=With+Eyes+on+China%2C+Intel+Invests+Billions+In+Mobile+Ambitions%3A+http%3A%2F%2Fbit.ly%2F1z6MmwL""><img src=""http://a.fsdn.com/sd/twitter_icon_large.png""></a> <a class=""slashpop"" href=""http://www.facebook.com/sharer.php?u=http%3A%2F%2Fhardware.slashdot.org%2Fstory%2F14%2F12%2F06%2F053214%2Fwith-eyes-on-china-intel-invests-billions-in-mobile-ambitions%3Futm_source%3Dslashdot%26utm_medium%3Dfacebook""><img src=""http://a.fsdn.com/sd/facebook_icon_large.png""></a> <a class=""nobg"" href=""http://plus.google.com/share?url=http://hardware.slashdot.org/story/14/12/06/053214/with-eyes-on-china-intel-invests-billions-in-mobile-ambitions?utm_source=slashdot&amp;utm_medium=googleplus"" onclick=""javascript:window.open(this.href,'', 'menubar=no,toolbar=no,resizable=yes,scrollbars=yes,height=600,width=600');return false;""><img src=""http://www.gstatic.com/images/icons/gplus-16.png"" alt=""Share on Google+""/></a> </div></p><p><a href=""http://hardware.slashdot.org/story/14/12/06/053214/with-eyes-on-china-intel-invests-billions-in-mobile-ambitions?utm_source=rss1.0moreanon&amp;utm_medium=feed"">Read more of this story</a> at Slashdot.</p><iframe src=""http://slashdot.org/slashdot-it.pl?op=discuss&amp;id=6308319&amp;smallembed=1"" style=""height: 300px; width: 100%; border: none;""></iframe><img width='1' height='1' src='http://slashdot.feedsportal.com/c/35028/f/647410/s/412d68ce/sc/15/mf.gif' border='0'/><br clear='all'/><br/><br/><a href=""http://da.feedsportal.com/r/214612469490/u/0/f/647410/c/35028/s/412d68ce/sc/15/rc/1/rc.htm"" rel=""nofollow""><img src=""http://da.feedsportal.com/r/214612469490/u/0/f/647410/c/35028/s/412d68ce/sc/15/rc/1/rc.img"" border=""0""/></a><br/><a href=""http://da.feedsportal.com/r/214612469490/u/0/f/647410/c/35028/s/412d68ce/sc/15/rc/2/rc.htm"" rel=""nofollow""><img src=""http://da.feedsportal.com/r/214612469490/u/0/f/647410/c/35028/s/412d68ce/sc/15/rc/2/rc.img"" border=""0""/></a><br/><a href=""http://da.feedsportal.com/r/214612469490/u/0/f/647410/c/35028/s/412d68ce/sc/15/rc/3/rc.htm"" rel=""nofollow""><img src=""http://da.feedsportal.com/r/214612469490/u/0/f/647410/c/35028/s/412d68ce/sc/15/rc/3/rc.img"" border=""0""/></a><br/><br/><a href=""http://da.feedsportal.com/r/214612469490/u/0/f/647410/c/35028/s/412d68ce/sc/15/a2.htm""><img src=""http://da.feedsportal.com/r/214612469490/u/0/f/647410/c/35028/s/412d68ce/sc/15/a2.img"" border=""0""/></a><img width=""1"" height=""1"" src=""http://pi.feedsportal.com/r/214612469490/u/0/f/647410/c/35028/s/412d68ce/sc/15/a2t.img"" border=""0""/><img src=""//feeds.feedburner.com/~r/Slashdot/slashdot/~4/LpkL7Yn3_8A"" height=""1"" width=""1"" alt=""""/>"
